task_id,problem,sample_id,attempt,passed,successful_attempt,cot,code,prompt,final_prompt,error
1,min_cost,0,0,False,,,"def min_cost(cost):\n    m, n = len(cost), len(cost[0])\n    dp = [[float('inf')] * n for _ in range(m)]\n    dp[0][0] = cost[0][0]\n    for i in range(1, m):\n        dp[i][0] = min(dp[i-1][0], dp[i-1][1:] + cost[i][0])\n    for j in range(1, n):\n        dp[0][j] = min(dp[0][j-1], dp[0][j-1] + cost[0][j])\n    for i in range(1, m):\n        for j in range(1, n):\n            dp[i][j] = min(dp[i-1][j], dp[i][j-1], dp[i-1][j-1] + cost[i][j])\n    return dp[m-1][n-1]","Write a function to find the minimum cost path to reach (m, n) from (0, 0) for the given cost matrix cost[][] and a position (m, n) in cost[][].\n\nWrite a Python function named `min_cost` that solves the problem.\nThe function requires 3 input parameters of type one matrix and two ints and 1 return values of type intUse a chain of thought to explain the solution before giving the code.\n\nFormat your response with:\nChain of Thought:\n<your reasoning here>\n\nPython:\n```python\n<your function here>\n```\nOutput nothing else.","Write a function to find the minimum cost path to reach (m, n) from (0, 0) for the given cost matrix cost[][] and a position (m, n) in cost[][].\n\nWrite a Python function named `min_cost` that solves the problem.\nThe function requires 3 input parameters of type one matrix and two ints and 1 return values of type intUse a chain of thought to explain the solution before giving the code.\n\nFormat your response with:\nChain of Thought:\n<your reasoning here>\n\nPython:\n```python\n<your function here>\n```\nOutput nothing else.\n\n# Note: The previous attempt failed with the following error:\n# Traceback (most recent call last):\n  File ""/tmp/ipython-input-1945436657.py"", line 90, in safe_exec_with_error\n    exec(test_code, global_env)\n  File ""<string>"", line 2, in <module>\nTypeError: min_cost() takes 1 positional argument but 3 were given\n# Try to fix the bug based on this feedback.\n# Previous code:\n```python\ndef min_cost(cost):\n    m, n = len(cost), len(cost[0])\n    dp = [[float('inf')] * n for _ in range(m)]\n    dp[0][0] = cost[0][0]\n    for i in range(1, m):\n        dp[i][0] = min(dp[i-1][0], dp[i-1][1:] + cost[i][0])\n    for j in range(1, n):\n        dp[0][j] = min(dp[0][j-1], dp[0][j-1] + cost[0][j])\n    for i in range(1, m):\n        for j in range(1, n):\n            dp[i][j] = min(dp[i-1][j], dp[i][j-1], dp[i-1][j-1] + cost[i][j])\n    return dp[m-1][n-1]\n```\n# Correct the function below:\n","Traceback (most recent call last):\n  File ""/tmp/ipython-input-1945436657.py"", line 90, in safe_exec_with_error\n    exec(test_code, global_env)\n  File ""<string>"", line 2, in <module>\nTypeError: min_cost() takes 1 positional argument but 3 were given\n"
1,min_cost,0,1,False,,,"def min_cost(cost):\n    m, n = len(cost), len(cost[0])\n    dp = [[float('inf')] * n for _ in range(m)]\n    dp[0][0] = cost[0][0]\n    for i in range(1, m):\n        dp[i][0] = min(dp[i-1][0], dp[i-1][1:] + cost[i][0])\n    for j in range(1, n):\n        dp[0][j] = min(dp[0][j-1], dp[0][j-1] + cost[0][j])\n    for i in range(1, m):\n        for j in range(1, n):\n            dp[i][j] = min(dp[i-1][j], dp[i][j-1], dp[i-1][j-1] + cost[i][j])\n    return dp[m-1][n-1]","Write a function to find the minimum cost path to reach (m, n) from (0, 0) for the given cost matrix cost[][] and a position (m, n) in cost[][].\n\nWrite a Python function named `min_cost` that solves the problem.\nThe function requires 3 input parameters of type one matrix and two ints and 1 return values of type intUse a chain of thought to explain the solution before giving the code.\n\nFormat your response with:\nChain of Thought:\n<your reasoning here>\n\nPython:\n```python\n<your function here>\n```\nOutput nothing else.","Write a function to find the minimum cost path to reach (m, n) from (0, 0) for the given cost matrix cost[][] and a position (m, n) in cost[][].\n\nWrite a Python function named `min_cost` that solves the problem.\nThe function requires 3 input parameters of type one matrix and two ints and 1 return values of type intUse a chain of thought to explain the solution before giving the code.\n\nFormat your response with:\nChain of Thought:\n<your reasoning here>\n\nPython:\n```python\n<your function here>\n```\nOutput nothing else.\n\n# Note: The previous attempt failed with the following error:\n# Traceback (most recent call last):\n  File ""/tmp/ipython-input-1945436657.py"", line 90, in safe_exec_with_error\n    exec(test_code, global_env)\n  File ""<string>"", line 2, in <module>\nTypeError: min_cost() takes 1 positional argument but 3 were given\n# Try to fix the bug based on this feedback.\n# Previous code:\n```python\ndef min_cost(cost):\n    m, n = len(cost), len(cost[0])\n    dp = [[float('inf')] * n for _ in range(m)]\n    dp[0][0] = cost[0][0]\n    for i in range(1, m):\n        dp[i][0] = min(dp[i-1][0], dp[i-1][1:] + cost[i][0])\n    for j in range(1, n):\n        dp[0][j] = min(dp[0][j-1], dp[0][j-1] + cost[0][j])\n    for i in range(1, m):\n        for j in range(1, n):\n            dp[i][j] = min(dp[i-1][j], dp[i][j-1], dp[i-1][j-1] + cost[i][j])\n    return dp[m-1][n-1]\n```\n# Correct the function below:\n","Traceback (most recent call last):\n  File ""/tmp/ipython-input-1945436657.py"", line 90, in safe_exec_with_error\n    exec(test_code, global_env)\n  File ""<string>"", line 2, in <module>\nTypeError: min_cost() takes 1 positional argument but 3 were given\n"
1,min_cost,1,0,False,,Here is the Python function that solves the problem:,"def min_cost(cost, m, n):\n    # Initialize minimum cost as infinity and the current cost as 0\n    min_cost = float('inf')\n    current_cost = 0\n    \n    # Iterate through the cost matrix from (0, 0) to (m, n)\n    for i in range(m):\n        for j in range(n):\n            # Add the current cost to the total cost\n            total_cost = current_cost + cost[i][j]\n            \n            # Update the minimum cost if the current cost is less\n            min_cost = min(min_cost, total_cost)\n            \n            # Update the current cost\n            current_cost = total_cost\n    \n    # Return the minimum cost\n    return min_cost","Write a function to find the minimum cost path to reach (m, n) from (0, 0) for the given cost matrix cost[][] and a position (m, n) in cost[][].\n\nWrite a Python function named `min_cost` that solves the problem.\nThe function requires 3 input parameters of type one matrix and two ints and 1 return values of type intUse a chain of thought to explain the solution before giving the code.\n\nFormat your response with:\nChain of Thought:\n<your reasoning here>\n\nPython:\n```python\n<your function here>\n```\nOutput nothing else.","Write a function to find the minimum cost path to reach (m, n) from (0, 0) for the given cost matrix cost[][] and a position (m, n) in cost[][].\n\nWrite a Python function named `min_cost` that solves the problem.\nThe function requires 3 input parameters of type one matrix and two ints and 1 return values of type intUse a chain of thought to explain the solution before giving the code.\n\nFormat your response with:\nChain of Thought:\n<your reasoning here>\n\nPython:\n```python\n<your function here>\n```\nOutput nothing else.\n\n# Note: The previous attempt failed with the following error:\n# Traceback (most recent call last):\n  File ""/tmp/ipython-input-1945436657.py"", line 90, in safe_exec_with_error\n    exec(test_code, global_env)\n  File ""<string>"", line 2, in <module>\nAssertionError\n# Try to fix the bug based on this feedback.\n# Previous code:\n```python\ndef min_cost(cost, m, n):\n    # Initialize minimum cost as infinity and the current cost as 0\n    min_cost = float('inf')\n    current_cost = 0\n    \n    # Iterate through the cost matrix from (0, 0) to (m, n)\n    for i in range(m):\n        for j in range(n):\n            # Add the current cost to the total cost\n            total_cost = current_cost + cost[i][j]\n            \n            # Update the minimum cost if the current cost is less\n            min_cost = min(min_cost, total_cost)\n            \n            # Update the current cost\n            current_cost = total_cost\n    \n    # Return the minimum cost\n    return min_cost\n```\n# Correct the function below:\n","Traceback (most recent call last):\n  File ""/tmp/ipython-input-1945436657.py"", line 90, in safe_exec_with_error\n    exec(test_code, global_env)\n  File ""<string>"", line 2, in <module>\nAssertionError\n"
1,min_cost,1,1,False,,,"def min_cost(cost, m, n):\n    # Initialize minimum cost as infinity and the current cost as 0\n    min_cost = float('inf')\n    current_cost = 0\n    \n    # Iterate through the cost matrix from (0, 0) to (m, n)\n    for i in range(m):\n        for j in range(n):\n            # Add the current cost to the total cost\n            total_cost = current_cost + cost[i][j]\n            \n            # Update the minimum cost if the current cost is less\n            min_cost = min(min_cost, total_cost)\n            \n            # Update the current cost\n            current_cost = total_cost\n    \n    # Return the minimum cost\n    return min_cost","Write a function to find the minimum cost path to reach (m, n) from (0, 0) for the given cost matrix cost[][] and a position (m, n) in cost[][].\n\nWrite a Python function named `min_cost` that solves the problem.\nThe function requires 3 input parameters of type one matrix and two ints and 1 return values of type intUse a chain of thought to explain the solution before giving the code.\n\nFormat your response with:\nChain of Thought:\n<your reasoning here>\n\nPython:\n```python\n<your function here>\n```\nOutput nothing else.","Write a function to find the minimum cost path to reach (m, n) from (0, 0) for the given cost matrix cost[][] and a position (m, n) in cost[][].\n\nWrite a Python function named `min_cost` that solves the problem.\nThe function requires 3 input parameters of type one matrix and two ints and 1 return values of type intUse a chain of thought to explain the solution before giving the code.\n\nFormat your response with:\nChain of Thought:\n<your reasoning here>\n\nPython:\n```python\n<your function here>\n```\nOutput nothing else.\n\n# Note: The previous attempt failed with the following error:\n# Traceback (most recent call last):\n  File ""/tmp/ipython-input-1945436657.py"", line 90, in safe_exec_with_error\n    exec(test_code, global_env)\n  File ""<string>"", line 2, in <module>\nAssertionError\n# Try to fix the bug based on this feedback.\n# Previous code:\n```python\ndef min_cost(cost, m, n):\n    # Initialize minimum cost as infinity and the current cost as 0\n    min_cost = float('inf')\n    current_cost = 0\n    \n    # Iterate through the cost matrix from (0, 0) to (m, n)\n    for i in range(m):\n        for j in range(n):\n            # Add the current cost to the total cost\n            total_cost = current_cost + cost[i][j]\n            \n            # Update the minimum cost if the current cost is less\n            min_cost = min(min_cost, total_cost)\n            \n            # Update the current cost\n            current_cost = total_cost\n    \n    # Return the minimum cost\n    return min_cost\n```\n# Correct the function below:\n","Traceback (most recent call last):\n  File ""/tmp/ipython-input-1945436657.py"", line 90, in safe_exec_with_error\n    exec(test_code, global_env)\n  File ""<string>"", line 2, in <module>\nAssertionError\n"
1,min_cost,2,0,False,,Here is the Python function named `min_cost` that solves the problem:,"def min_cost(cost, m, n):\n    # Initialize minimum cost as infinity\n    min_cost = float('inf')\n    \n    # Create a list of tuples representing the cost matrix\n    cost_list = [(i, j, cost[i][j]) for i in range(len(cost)) for j in range(len(cost[0]))]\n    \n    # Use Dijkstra's algorithm to find the minimum cost path\n    min_cost = dijkstra(cost_list, m, n)\n    \n    return min_cost\n\ndef dijkstra(cost_list, m, n):\n    # Create a set to store visited nodes\n    visited = set()\n    \n    # Create a dictionary to store the shortest distance from the starting node to each node\n    shortest_distances = {node: float('inf') for node in cost_list}\n    shortest_distances[cost_list[0][0], cost_list[0][1]] = 0\n    \n    # Use a priority queue to store nodes to visit\n    queue = [(0, cost_list[0][0], cost_list[0][1])]\n    \n    while queue:\n        current_cost, current_node, current_position = queue.pop(0)\n        \n        if current_node == m and current_position == n:\n            return current_cost\n        \n        if current_node not in visited:\n            visited.add(current_node)\n            \n            for i, j, cost in cost_list:\n                if (i, j) == current_position:\n                    new_cost = current_cost + cost[i][j]\n                    if new_cost < shortest_distances[i, j]:\n                        shortest_distances[i, j] = new_cost\n                        queue.append((new_cost, i, j))\n    \n    return float('inf')","Write a function to find the minimum cost path to reach (m, n) from (0, 0) for the given cost matrix cost[][] and a position (m, n) in cost[][].\n\nWrite a Python function named `min_cost` that solves the problem.\nThe function requires 3 input parameters of type one matrix and two ints and 1 return values of type intUse a chain of thought to explain the solution before giving the code.\n\nFormat your response with:\nChain of Thought:\n<your reasoning here>\n\nPython:\n```python\n<your function here>\n```\nOutput nothing else.","Write a function to find the minimum cost path to reach (m, n) from (0, 0) for the given cost matrix cost[][] and a position (m, n) in cost[][].\n\nWrite a Python function named `min_cost` that solves the problem.\nThe function requires 3 input parameters of type one matrix and two ints and 1 return values of type intUse a chain of thought to explain the solution before giving the code.\n\nFormat your response with:\nChain of Thought:\n<your reasoning here>\n\nPython:\n```python\n<your function here>\n```\nOutput nothing else.\n\n# Note: The previous attempt failed with the following error:\n# Traceback (most recent call last):\n  File ""/tmp/ipython-input-1945436657.py"", line 90, in safe_exec_with_error\n    exec(test_code, global_env)\n  File ""<string>"", line 2, in <module>\nAssertionError\n# Try to fix the bug based on this feedback.\n# Previous code:\n```python\ndef min_cost(cost, m, n):\n    # Initialize minimum cost as infinity\n    min_cost = float('inf')\n    \n    # Create a list of tuples representing the cost matrix\n    cost_list = [(i, j, cost[i][j]) for i in range(len(cost)) for j in range(len(cost[0]))]\n    \n    # Use Dijkstra's algorithm to find the minimum cost path\n    min_cost = dijkstra(cost_list, m, n)\n    \n    return min_cost\n\ndef dijkstra(cost_list, m, n):\n    # Create a set to store visited nodes\n    visited = set()\n    \n    # Create a dictionary to store the shortest distance from the starting node to each node\n    shortest_distances = {node: float('inf') for node in cost_list}\n    shortest_distances[cost_list[0][0], cost_list[0][1]] = 0\n    \n    # Use a priority queue to store nodes to visit\n    queue = [(0, cost_list[0][0], cost_list[0][1])]\n    \n    while queue:\n        current_cost, current_node, current_position = queue.pop(0)\n        \n        if current_node == m and current_position == n:\n            return current_cost\n        \n        if current_node not in visited:\n            visited.add(current_node)\n            \n            for i, j, cost in cost_list:\n                if (i, j) == current_position:\n                    new_cost = current_cost + cost[i][j]\n                    if new_cost < shortest_distances[i, j]:\n                        shortest_distances[i, j] = new_cost\n                        queue.append((new_cost, i, j))\n    \n    return float('inf')\n```\n# Correct the function below:\n","Traceback (most recent call last):\n  File ""/tmp/ipython-input-1945436657.py"", line 90, in safe_exec_with_error\n    exec(test_code, global_env)\n  File ""<string>"", line 2, in <module>\nAssertionError\n"
1,min_cost,2,1,False,,,"def min_cost(cost, m, n):\n    # Initialize minimum cost as infinity\n    min_cost = float('inf')\n    \n    # Create a list of tuples representing the cost matrix\n    cost_list = [(i, j, cost[i][j]) for i in range(len(cost)) for j in range(len(cost[0]))]\n    \n    # Use Dijkstra's algorithm to find the minimum cost path\n    min_cost = dijkstra(cost_list, m, n)\n    \n    return min_cost\n\ndef dijkstra(cost_list, m, n):\n    # Create a set to store visited nodes\n    visited = set()\n    \n    # Create a dictionary to store the shortest distance from the starting node to each node\n    shortest_distances = {node: float('inf') for node in cost_list}\n    shortest_distances[cost_list[0][0], cost_list[0][1]] = 0\n    \n    # Use a priority queue to store nodes to visit\n    queue = [(0, cost_list[0][0], cost_list[0][1])]\n    \n    while queue:\n        current_cost, current_node, current_position = queue.pop(0)\n        \n        if current_node == m and current_position == n:\n            return current_cost\n        \n        if current_node not in visited:\n            visited.add(current_node)\n            \n            for i, j, cost in cost_list:\n                if (i, j) == current_position:\n                    new_cost = current_cost + cost[i][j]\n                    if new_cost < shortest_distances[i, j]:\n                        shortest_distances[i, j] = new_cost\n                        queue.append((new_cost, i, j))\n    \n    return float('inf')","Write a function to find the minimum cost path to reach (m, n) from (0, 0) for the given cost matrix cost[][] and a position (m, n) in cost[][].\n\nWrite a Python function named `min_cost` that solves the problem.\nThe function requires 3 input parameters of type one matrix and two ints and 1 return values of type intUse a chain of thought to explain the solution before giving the code.\n\nFormat your response with:\nChain of Thought:\n<your reasoning here>\n\nPython:\n```python\n<your function here>\n```\nOutput nothing else.","Write a function to find the minimum cost path to reach (m, n) from (0, 0) for the given cost matrix cost[][] and a position (m, n) in cost[][].\n\nWrite a Python function named `min_cost` that solves the problem.\nThe function requires 3 input parameters of type one matrix and two ints and 1 return values of type intUse a chain of thought to explain the solution before giving the code.\n\nFormat your response with:\nChain of Thought:\n<your reasoning here>\n\nPython:\n```python\n<your function here>\n```\nOutput nothing else.\n\n# Note: The previous attempt failed with the following error:\n# Traceback (most recent call last):\n  File ""/tmp/ipython-input-1945436657.py"", line 90, in safe_exec_with_error\n    exec(test_code, global_env)\n  File ""<string>"", line 2, in <module>\nAssertionError\n# Try to fix the bug based on this feedback.\n# Previous code:\n```python\ndef min_cost(cost, m, n):\n    # Initialize minimum cost as infinity\n    min_cost = float('inf')\n    \n    # Create a list of tuples representing the cost matrix\n    cost_list = [(i, j, cost[i][j]) for i in range(len(cost)) for j in range(len(cost[0]))]\n    \n    # Use Dijkstra's algorithm to find the minimum cost path\n    min_cost = dijkstra(cost_list, m, n)\n    \n    return min_cost\n\ndef dijkstra(cost_list, m, n):\n    # Create a set to store visited nodes\n    visited = set()\n    \n    # Create a dictionary to store the shortest distance from the starting node to each node\n    shortest_distances = {node: float('inf') for node in cost_list}\n    shortest_distances[cost_list[0][0], cost_list[0][1]] = 0\n    \n    # Use a priority queue to store nodes to visit\n    queue = [(0, cost_list[0][0], cost_list[0][1])]\n    \n    while queue:\n        current_cost, current_node, current_position = queue.pop(0)\n        \n        if current_node == m and current_position == n:\n            return current_cost\n        \n        if current_node not in visited:\n            visited.add(current_node)\n            \n            for i, j, cost in cost_list:\n                if (i, j) == current_position:\n                    new_cost = current_cost + cost[i][j]\n                    if new_cost < shortest_distances[i, j]:\n                        shortest_distances[i, j] = new_cost\n                        queue.append((new_cost, i, j))\n    \n    return float('inf')\n```\n# Correct the function below:\n","Traceback (most recent call last):\n  File ""/tmp/ipython-input-1945436657.py"", line 90, in safe_exec_with_error\n    exec(test_code, global_env)\n  File ""<string>"", line 2, in <module>\nAssertionError\n"
1,min_cost,3,0,False,,"---\n\nChain of Thought:\n1. We are given a cost matrix and a position in the matrix. Our task is to find the minimum cost path from the starting point (0,0) to the given position (m,n).\n2. To solve this problem, we can use the concept of Dynamic Programming. We will create a 2D matrix dp[][] where dp[i][j] represents the minimum cost to reach the cell (i,j) from (0,0).\n3. We initialize the first row and the first column of the dp matrix to infinity, except for dp[0][0] which is 0 as we need to move from (0,0) to (0,m) or (m,0) to find the minimum cost.\n4. We then iterate through the given position (m,n) and calculate the minimum cost to reach this cell from (0,0) by considering the minimum cost to reach the cell above it, the cell to its left, and the cell diagonally below and to the left.\n5. We update the dp matrix with the minimum cost calculated in step 4.\n6. Finally, we return the minimum cost to reach the cell (m,n) from (0,0), which is stored in dp[m][n].\n\nPython:\n```python\ndef min_cost(cost, m, n):\n    # Initialize the dp matrix with infinity\n    dp = [[float('inf')] * (n + 1) for _ in range(m + 1)]\n    \n    # The minimum cost to reach (0,0) is 0\n    dp[0][0] = 0\n    \n    # Iterate through the given position\n    for i in range(m, 0, -1):\n        for j in range(n, 0, -1):\n            # The minimum cost to reach the cell (i,j) is the minimum of the cell above it, the cell to its left, and the cell diagonally below and to the left\n            dp[i][j] = min(dp[i][j + 1], dp[i + 1][j], dp[i][j - 1]) + cost[i][j]\n    \n    # Return the minimum cost to reach the cell (m,n) from (0,0)\n    return dp[m][n]",,"Write a function to find the minimum cost path to reach (m, n) from (0, 0) for the given cost matrix cost[][] and a position (m, n) in cost[][].\n\nWrite a Python function named `min_cost` that solves the problem.\nThe function requires 3 input parameters of type one matrix and two ints and 1 return values of type intUse a chain of thought to explain the solution before giving the code.\n\nFormat your response with:\nChain of Thought:\n<your reasoning here>\n\nPython:\n```python\n<your function here>\n```\nOutput nothing else.","Write a function to find the minimum cost path to reach (m, n) from (0, 0) for the given cost matrix cost[][] and a position (m, n) in cost[][].\n\nWrite a Python function named `min_cost` that solves the problem.\nThe function requires 3 input parameters of type one matrix and two ints and 1 return values of type intUse a chain of thought to explain the solution before giving the code.\n\nFormat your response with:\nChain of Thought:\n<your reasoning here>\n\nPython:\n```python\n<your function here>\n```\nOutput nothing else.\n\n# Note: The previous attempt failed with the following error:\n# Traceback (most recent call last):\n  File ""/tmp/ipython-input-1945436657.py"", line 90, in safe_exec_with_error\n    exec(test_code, global_env)\n  File ""<string>"", line 2, in <module>\nNameError: name 'min_cost' is not defined\n# Try to fix the bug based on this feedback.\n# Previous code:\n```python\n\n```\n# Correct the function below:\n","Traceback (most recent call last):\n  File ""/tmp/ipython-input-1945436657.py"", line 90, in safe_exec_with_error\n    exec(test_code, global_env)\n  File ""<string>"", line 2, in <module>\nNameError: name 'min_cost' is not defined\n"
1,min_cost,3,1,False,,"def min_cost(cost, m, n):\n    min_cost = float('inf') # Initialize minimum cost to infinity\n    dp = [[0 for _ in range(n+1)] for _ in range(m+1)] # Initialize dp matrix\n\n    # Fill the diagonal with 0 cost\n    for i in range(m):\n        dp[i][i] = 0\n\n    # Fill the first row and first column with the cost of moving to the first cell\n    for i in range(m):\n        dp[i][1] = cost[i][0]\n    for j in range(1, n+1):\n        dp[1][j] = cost[0][j]\n\n    # Fill the rest of the dp matrix using dynamic programming\n    for i in range(2, m+1):\n        for j in range(2, n+1):\n            dp[i][j] = min(dp[i-1][j], dp[i][j-1], dp[i-1][j-1] + cost[i-1][j])\n\n    # Return the minimum cost to reach cell (m, n)\n    return dp[m][n]\n```\n\nChain of Thought:\nThe problem is asking to find the minimum cost path to reach a given cell (m, n) from the starting cell (0, 0) using a cost matrix. To solve this problem, we can use dynamic programming. We initialize a dp matrix with the same dimensions as the cost matrix. The dp[i][j] cell represents the minimum cost to reach cell (i, j) from the starting cell (0, 0). We fill the diagonal with 0 cost and the first row and first column with the cost of moving to the first cell. Then, we fill the rest of the dp matrix using dynamic programming. The minimum cost to reach cell (m, n) is stored in dp[m][n].",,"Write a function to find the minimum cost path to reach (m, n) from (0, 0) for the given cost matrix cost[][] and a position (m, n) in cost[][].\n\nWrite a Python function named `min_cost` that solves the problem.\nThe function requires 3 input parameters of type one matrix and two ints and 1 return values of type intUse a chain of thought to explain the solution before giving the code.\n\nFormat your response with:\nChain of Thought:\n<your reasoning here>\n\nPython:\n```python\n<your function here>\n```\nOutput nothing else.","Write a function to find the minimum cost path to reach (m, n) from (0, 0) for the given cost matrix cost[][] and a position (m, n) in cost[][].\n\nWrite a Python function named `min_cost` that solves the problem.\nThe function requires 3 input parameters of type one matrix and two ints and 1 return values of type intUse a chain of thought to explain the solution before giving the code.\n\nFormat your response with:\nChain of Thought:\n<your reasoning here>\n\nPython:\n```python\n<your function here>\n```\nOutput nothing else.\n\n# Note: The previous attempt failed with the following error:\n# Traceback (most recent call last):\n  File ""/tmp/ipython-input-1945436657.py"", line 90, in safe_exec_with_error\n    exec(test_code, global_env)\n  File ""<string>"", line 2, in <module>\nNameError: name 'min_cost' is not defined\n# Try to fix the bug based on this feedback.\n# Previous code:\n```python\n\n```\n# Correct the function below:\n","Traceback (most recent call last):\n  File ""/tmp/ipython-input-1945436657.py"", line 90, in safe_exec_with_error\n    exec(test_code, global_env)\n  File ""<string>"", line 2, in <module>\nNameError: name 'min_cost' is not defined\n"
1,min_cost,4,0,False,,"---\n\nChain of Thought:\n1. The problem is asking to find the minimum cost path from (0, 0) to (m, n) in a given cost matrix.\n2. We can solve this problem using dynamic programming.\n3. We will create a 2D array dp[][] where dp[i][j] represents the minimum cost to reach cell (i, j) from (0, 0).\n4. We initialize dp[0][0] as cost[0][0] and all other cells as infinity.\n5. We fill the first row and the first column of dp[][] from left to right.\n6. We update dp[i][j] as the minimum of dp[i-1][j], dp[i][j-1], and dp[i-1][j-1] plus cost[i][j].\n7. Finally, we return dp[m][n] as the minimum cost to reach cell (m, n) from (0, 0).\n\nPython:","def min_cost(cost, m, n):\n    # Initialize a 2D array dp[][] with infinity\n    dp = [[float('inf')] * n for _ in range(m)]\n    # Initialize dp[0][0] as cost[0][0]\n    dp[0][0] = cost[0][0]\n    # Fill the first row and the first column of dp[][] from left to right\n    for i in range(m):\n        dp[i][0] = cost[i][0]\n        dp[0][i] = cost[0][i]\n    # Fill the rest of dp[][] using dynamic programming\n    for i in range(1, m):\n        for j in range(1, n):\n            dp[i][j] = min(dp[i-1][j], dp[i][j-1], dp[i-1][j-1] + cost[i][j])\n    # Return dp[m][n] as the minimum cost to reach cell (m, n) from (0, 0)\n    return dp[m][n]","Write a function to find the minimum cost path to reach (m, n) from (0, 0) for the given cost matrix cost[][] and a position (m, n) in cost[][].\n\nWrite a Python function named `min_cost` that solves the problem.\nThe function requires 3 input parameters of type one matrix and two ints and 1 return values of type intUse a chain of thought to explain the solution before giving the code.\n\nFormat your response with:\nChain of Thought:\n<your reasoning here>\n\nPython:\n```python\n<your function here>\n```\nOutput nothing else.","Write a function to find the minimum cost path to reach (m, n) from (0, 0) for the given cost matrix cost[][] and a position (m, n) in cost[][].\n\nWrite a Python function named `min_cost` that solves the problem.\nThe function requires 3 input parameters of type one matrix and two ints and 1 return values of type intUse a chain of thought to explain the solution before giving the code.\n\nFormat your response with:\nChain of Thought:\n<your reasoning here>\n\nPython:\n```python\n<your function here>\n```\nOutput nothing else.\n\n# Note: The previous attempt failed with the following error:\n# Traceback (most recent call last):\n  File ""/tmp/ipython-input-1945436657.py"", line 90, in safe_exec_with_error\n    exec(test_code, global_env)\n  File ""<string>"", line 2, in <module>\n  File ""<string>"", line 15, in min_cost\nIndexError: list index out of range\n# Try to fix the bug based on this feedback.\n# Previous code:\n```python\ndef min_cost(cost, m, n):\n    # Initialize a 2D array dp[][] with infinity\n    dp = [[float('inf')] * n for _ in range(m)]\n    # Initialize dp[0][0] as cost[0][0]\n    dp[0][0] = cost[0][0]\n    # Fill the first row and the first column of dp[][] from left to right\n    for i in range(m):\n        dp[i][0] = cost[i][0]\n        dp[0][i] = cost[0][i]\n    # Fill the rest of dp[][] using dynamic programming\n    for i in range(1, m):\n        for j in range(1, n):\n            dp[i][j] = min(dp[i-1][j], dp[i][j-1], dp[i-1][j-1] + cost[i][j])\n    # Return dp[m][n] as the minimum cost to reach cell (m, n) from (0, 0)\n    return dp[m][n]\n```\n# Correct the function below:\n","Traceback (most recent call last):\n  File ""/tmp/ipython-input-1945436657.py"", line 90, in safe_exec_with_error\n    exec(test_code, global_env)\n  File ""<string>"", line 2, in <module>\n  File ""<string>"", line 15, in min_cost\nIndexError: list index out of range\n"
1,min_cost,4,1,False,,,"def min_cost(cost, m, n):\n    # Initialize a 2D array dp[][] with infinity\n    dp = [[float('inf')] * n for _ in range(m)]\n    # Initialize dp[0][0] as cost[0][0]\n    dp[0][0] = cost[0][0]\n    # Fill the first row and the first column of dp[][] from left to right\n    for i in range(m):\n        dp[i][0] = cost[i][0]\n        dp[0][i] = cost[0][i]\n    # Fill the rest of dp[][] using dynamic programming\n    for i in range(1, m):\n        for j in range(1, n):\n            dp[i][j] = min(dp[i-1][j], dp[i][j-1], dp[i-1][j-1] + cost[i][j])\n    # Return dp[m][n] as the minimum cost to reach cell (m, n) from (0, 0)\n    return dp[m][n]","Write a function to find the minimum cost path to reach (m, n) from (0, 0) for the given cost matrix cost[][] and a position (m, n) in cost[][].\n\nWrite a Python function named `min_cost` that solves the problem.\nThe function requires 3 input parameters of type one matrix and two ints and 1 return values of type intUse a chain of thought to explain the solution before giving the code.\n\nFormat your response with:\nChain of Thought:\n<your reasoning here>\n\nPython:\n```python\n<your function here>\n```\nOutput nothing else.","Write a function to find the minimum cost path to reach (m, n) from (0, 0) for the given cost matrix cost[][] and a position (m, n) in cost[][].\n\nWrite a Python function named `min_cost` that solves the problem.\nThe function requires 3 input parameters of type one matrix and two ints and 1 return values of type intUse a chain of thought to explain the solution before giving the code.\n\nFormat your response with:\nChain of Thought:\n<your reasoning here>\n\nPython:\n```python\n<your function here>\n```\nOutput nothing else.\n\n# Note: The previous attempt failed with the following error:\n# Traceback (most recent call last):\n  File ""/tmp/ipython-input-1945436657.py"", line 90, in safe_exec_with_error\n    exec(test_code, global_env)\n  File ""<string>"", line 2, in <module>\n  File ""<string>"", line 15, in min_cost\nIndexError: list index out of range\n# Try to fix the bug based on this feedback.\n# Previous code:\n```python\ndef min_cost(cost, m, n):\n    # Initialize a 2D array dp[][] with infinity\n    dp = [[float('inf')] * n for _ in range(m)]\n    # Initialize dp[0][0] as cost[0][0]\n    dp[0][0] = cost[0][0]\n    # Fill the first row and the first column of dp[][] from left to right\n    for i in range(m):\n        dp[i][0] = cost[i][0]\n        dp[0][i] = cost[0][i]\n    # Fill the rest of dp[][] using dynamic programming\n    for i in range(1, m):\n        for j in range(1, n):\n            dp[i][j] = min(dp[i-1][j], dp[i][j-1], dp[i-1][j-1] + cost[i][j])\n    # Return dp[m][n] as the minimum cost to reach cell (m, n) from (0, 0)\n    return dp[m][n]\n```\n# Correct the function below:\n","Traceback (most recent call last):\n  File ""/tmp/ipython-input-1945436657.py"", line 90, in safe_exec_with_error\n    exec(test_code, global_env)\n  File ""<string>"", line 2, in <module>\n  File ""<string>"", line 15, in min_cost\nIndexError: list index out of range\n"
